Pose,BindingEnergy
sw06,-4.44629045226131
sw25,-2.2920959798995
sw22,-2.22385252525253
sw14,-0.55728743718593
ad22,-0.513863316582915
av01,-0.105504522613065
