FRAME,RMSD
1, 0.0004948141286149621
2, 1.8177162408828735
3, 2.031905174255371
4, 2.031905174255371
5, 1.9320094585418701
6, 2.8368208408355713
7, 3.2832350730895996
8, 3.2832350730895996
9, 3.609586715698242
10, 3.6968414783477783
11, 4.162705898284912
12, 3.8552119731903076
13, 3.8552119731903076
