"FRAME","SYSTEM","RMSD"
1,"RMSD",0.000494814128614962
2,"RMSD",1.81771624088287
3,"RMSD",2.03190517425537
4,"RMSD",2.03190517425537
5,"RMSD",1.93200945854187
6,"RMSD",2.83682084083557
7,"RMSD",3.2832350730896
8,"RMSD",3.2832350730896
9,"RMSD",3.60958671569824
10,"RMSD",3.69684147834778
11,"RMSD",4.16270589828491
12,"RMSD",3.85521197319031
13,"RMSD",3.85521197319031
