FRAME,RMSD
0,0.0004948141286149621
1,1.8177162408828735
2,2.031905174255371
3,2.031905174255371
