FRAME,RMSD
0,1.9320094585418701
1,2.8368208408355713
2,3.2832350730895996
3,3.2832350730895996
