FRAME,RMSD
0,3.609586715698242
1,3.6968414783477783
2,4.162705898284912
3,3.8552119731903076
4,3.8552119731903076
